complexity,r,count_on_policy,count_off_policy,expression,traversal,nmse_test,nmse_test_noiseless,success
4,0.47791310644716967,2,0,0,"mul,mul,x4,x4,0.0",1.1934045789178829,1.1934045789178829,False
5,0.5767989211682432,5,0,x5**3,"mul,mul,x5,x5,x5",0.538325129375684,0.538325129375684,False
7,0.5779614753964674,1,0,2*x5**3,"mul,mul,x5,add,x5,x5,x5",0.533219974952497,0.533219974952497,False
9,0.5797755364032533,1,0,x5**2*(x1*x2 + x5),"mul,mul,x5,x5,add,x5,mul,x1,x2",0.5253429279357172,0.5253429279357172,False
17,0.6017964719938353,1,0,x1*(-x1*x6 + (x1 + x5)*(x1*x2*x6 + x5)),"mul,sub,mul,add,x5,x1,add,x5,mul,x6,mul,x1,x2,mul,x1,x6,x1",0.4378354603173442,0.4378354603173442,False
26,0.7314767470866823,1,0,(x1 + x5)*(x2**2*(x5 - x6) - 9.31512e-6*x2*x5**2 + 1.00301e-5*x2*x5*x6 - 1.31848e-6*x2*x6**2 - 0.00765691*x3*x5**2 + 0.0106538*x3*x5*x6 + 2.94007e-6*x3*x5 - 0.000242007*x3*x6**2 + 2.14855e-6*x3*x6 - 0.0150312*x4*x5**2 + 0.0117431*x4*x5*x6 - 0.00549829*x4*x6**2 - 0.000186302*x5**2 + 0.000200602*x5*x6 - 2.63696e-5*x6**2),"mul,add,x1,x5,add,-2.63696e-05*x6**2+0.000200602*x5*x6-0.000186302*x5**2+2.14855e-06*x3*x6+2.94007e-06*x3*x5-0.00549829*x4*x6**2+0.0117431*x4*x5*x6-0.0150312*x4*x5**2-0.000242007*x3*x6**2+0.0106538*x3*x5*x6-0.00765691*x3*x5**2-1.31848e-06*x2*x6**2+1.00301e-05*x2*x5*x6-9.31512e-06*x2*x5**2,mul,sub,x5,x6,mul,x2,x2",0.13476054213607017,0.13476054213607017,False
36,0.7438929846669636,1,0,x2*(x1*x2*x3 + x1 + x5)*(3.29596e-5*x2*x3*x5 - 2.91994e-5*x2*x3*x6 + 3.29719e-6*x2*x4*x5 - 2.91997e-6*x2*x4*x6 - 2.62402e-5*x2*x5**2 + 1.7905e-5*x2*x5*x6 - 1.22451e-5*x2*x6**2 - 5.46739e-6*x3**2*x5 + 4.8783e-6*x3**2*x6 + 0.0055611*x3*x5**2 + 0.0360138*x3*x5*x6 + 0.000659192*x3*x5 - 0.000249529*x3*x6**2 - 0.000583987*x3*x6 - 0.0858902*x4*x5**2 + 0.00189572*x4*x5*x6 + 6.59438e-5*x4*x5 - 0.0357331*x4*x6**2 - 5.83993e-5*x4*x6 - 0.000524803*x5**2 + 0.000358101*x5*x6 + 1.9758e-5*x5 - 0.000244902*x6**2 - 1.74884e-5*x6),"mul,mul,x2,-1.74884e-05*x6+1.9758e-05*x5-0.000244902*x6**2+0.000358101*x5*x6-0.000524803*x5**2-5.83993e-05*x4*x6+6.59438e-05*x4*x5-0.000583987*x3*x6+0.000659192*x3*x5-0.0357331*x4*x6**2+0.00189572*x4*x5*x6-0.0858902*x4*x5**2-0.000249529*x3*x6**2+0.0360138*x3*x5*x6+0.0055611*x3*x5**2+4.8783e-06*x3**2*x6-5.46739e-06*x3**2*x5-1.22451e-05*x2*x6**2+1.7905e-05*x2*x5*x6-2.62402e-05*x2*x5**2-2.91997e-06*x2*x4*x6+3.29719e-06*x2*x4*x5-2.91994e-05*x2*x3*x6+3.29596e-05*x2*x3*x5,add,x1,add,x5,mul,x2,mul,x3,x1",0.11852829129468116,0.11852829129468116,False
40,0.7511267772360614,1,0,x1*x3*(5*x1 + x5)*(2.61814e-5*x2*x3*x5 - 2.22163e-5*x2*x3*x6 + 2.61866e-6*x2*x4*x5 - 2.22132e-6*x2*x4*x6 - 1.56738e-5*x2*x5**2 + 5.48725e-6*x2*x5*x6 - 1.00339e-5*x2*x6**2 - 4.54924e-6*x3**2*x5 + 3.8421e-6*x3**2*x6 + 0.00176773*x3*x5**2 + 0.0234493*x3*x5*x6 + 0.000523627*x3*x5 + 0.000507551*x3*x6**2 - 0.000444326*x3*x6 - 0.0504834*x4*x5**2 - 0.0129535*x4*x5*x6 + 5.23731e-5*x4*x5 - 0.0269711*x4*x6**2 - 4.44264e-5*x4*x6 - 0.000313476*x5**2 + 0.000109745*x5*x6 + 1.5714e-5*x5 - 0.000200679*x6**2 - 1.33191e-5*x6),"mul,mul,-1.33191e-05*x6+1.5714e-05*x5-0.000200679*x6**2+0.000109745*x5*x6-0.000313476*x5**2-4.44264e-05*x4*x6+5.23731e-05*x4*x5-0.000444326*x3*x6+0.000523627*x3*x5-0.0269711*x4*x6**2-0.0129535*x4*x5*x6-0.0504834*x4*x5**2+0.000507551*x3*x6**2+0.0234493*x3*x5*x6+0.00176773*x3*x5**2+3.8421e-06*x3**2*x6-4.54924e-06*x3**2*x5-1.00339e-05*x2*x6**2+5.48725e-06*x2*x5*x6-1.56738e-05*x2*x5**2-2.22132e-06*x2*x4*x6+2.61866e-06*x2*x4*x5-2.22163e-05*x2*x3*x6+2.61814e-05*x2*x3*x5,x1,mul,x3,add,add,x1,add,add,add,x5,x1,x1,x1,x1",0.1097816753565226,0.1097816753565226,False
42,0.7545064717282792,1,0,x1*x3*(4*x1 + x5)*(3.16682e-5*x2*x3*x5 - 2.69131e-5*x2*x3*x6 + 3.16756e-6*x2*x4*x5 - 2.69115e-6*x2*x4*x6 - 2.3052e-5*x2*x5**2 + 1.18012e-5*x2*x5*x6 - 1.13802e-5*x2*x6**2 - 5.47467e-6*x3**2*x5 + 4.65841e-6*x3**2*x6 - 0.00130109*x3*x5**2 + 0.0294708*x3*x5*x6 + 0.000633364*x3*x5 + 0.000649092*x3*x6**2 - 0.000538262*x3*x6 - 0.0670018*x4*x5**2 - 0.0048439*x4*x5*x6 + 6.33513e-5*x4*x5 - 0.0326647*x4*x6**2 - 5.3823e-5*x4*x6 - 0.000461039*x5**2 + 0.000236024*x5*x6 + 1.89966e-5*x5 - 0.000227604*x6**2 - 1.61243e-5*x6),"mul,x3,mul,mul,-1.61243e-05*x6+1.89966e-05*x5-0.000227604*x6**2+0.000236024*x5*x6-0.000461039*x5**2-5.3823e-05*x4*x6+6.33513e-05*x4*x5-0.000538262*x3*x6+0.000633364*x3*x5-0.0326647*x4*x6**2-0.0048439*x4*x5*x6-0.0670018*x4*x5**2+0.000649092*x3*x6**2+0.0294708*x3*x5*x6-0.00130109*x3*x5**2+4.65841e-06*x3**2*x6-5.47467e-06*x3**2*x5-1.13802e-05*x2*x6**2+1.18012e-05*x2*x5*x6-2.3052e-05*x2*x5**2-2.69115e-06*x2*x4*x6+3.16756e-06*x2*x4*x5-2.69131e-05*x2*x3*x6+3.16682e-05*x2*x3*x5,add,x5,add,x1,add,sub,add,add,x1,x1,x1,x1,x1,x1",0.10586542780735377,0.10586542780735377,False
61,0.7660694536581855,1,0,x1*(x1*(-4.45787e-5*x1*x2*x6 + 0.000117345*x1*x3*x5 - 0.0297178*x1*x3*x6 + 1.17382e-5*x1*x4*x5 - 0.00297098*x1*x4*x6 + 3.09771e-5*x1*x5**2 - 6.61576e-5*x1*x5*x6 + 3.52052e-6*x1*x5 - 8.38193e-5*x1*x6**2 - 0.000891574*x1*x6 + 8.8013e-6*x2**2*x5 - 0.00222893*x2**2*x6 + 0.00586725*x2*x3*x5 - 1.48589*x2*x3*x6 + 0.000586909*x2*x4*x5 - 0.148549*x2*x4*x6 + 0.00154886*x2*x5**2 - 0.00330788*x2*x5*x6 + 0.000176026*x2*x5 - 0.00419097*x2*x6**2 - 0.0445787*x2*x6 + 2.21707e-6*x3**3 - 3.59777e-5*x3**2*x4 - 0.000859431*x3**2*x5 + 0.19472*x3**2*x6 + 3.07527e-6*x3**2 + 3.60336e-5*x3*x4**2 + 9.89376e-5*x3*x4*x5 + 0.0597824*x3*x4*x6 + 9.38367*x3*x5**2 + 9.03547*x3*x5*x6 + 0.117345*x3*x5 - 0.70041*x3*x6**2 - 29.7178*x3*x6 - 1.02787e-5*x4**3 - 2.63215e-5*x4**2*x5 - 2.22455e-5*x4**2*x6 - 2.87941e-6*x4**2 - 11.091*x4*x5**2 - 17.7668*x4*x5*x6 + 0.0117382*x4*x5 - 7.59469*x4*x6**2 - 2.97098*x4*x6 - 1.63657e-6*x4 + 0.000142715*x5**3 + 6.5672e-5*x5**2*x6 + 0.0309771*x5**2 + 2.34973e-5*x5*x6**2 - 0.0661576*x5*x6 + 0.00352963*x5 - 0.000162391*x6**3 - 0.0838193*x6**2 - 0.891584*x6) + x1 + x6),"mul,add,x1,add,x6,mul,x1,-0.891584*x6+0.00352963*x5-1.63657e-06*x4-0.0838193*x6**2-0.0661576*x5*x6+0.0309771*x5**2-2.97098*x4*x6+0.0117382*x4*x5-2.87941e-06*x4**2-29.7178*x3*x6+0.117345*x3*x5+3.07527e-06*x3**2-0.0445787*x2*x6+0.000176026*x2*x5-0.000891574*x1*x6+3.52052e-06*x1*x5-0.000162391*x6**3+2.34973e-05*x5*x6**2+6.5672e-05*x5**2*x6+0.000142715*x5**3-7.59469*x4*x6**2-17.7668*x4*x5*x6-11.091*x4*x5**2-2.22455e-05*x4**2*x6-2.63215e-05*x4**2*x5-1.02787e-05*x4**3-0.70041*x3*x6**2+9.03547*x3*x5*x6+9.38367*x3*x5**2+0.0597824*x3*x4*x6+9.89376e-05*x3*x4*x5+3.60336e-05*x3*x4**2+0.19472*x3**2*x6-0.000859431*x3**2*x5-3.59777e-05*x3**2*x4+2.21707e-06*x3**3-0.00419097*x2*x6**2-0.00330788*x2*x5*x6+0.00154886*x2*x5**2-0.148549*x2*x4*x6+0.000586909*x2*x4*x5-1.48589*x2*x3*x6+0.00586725*x2*x3*x5-0.00222893*x2**2*x6+8.8013e-06*x2**2*x5-8.38193e-05*x1*x6**2-6.61576e-05*x1*x5*x6+3.09771e-05*x1*x5**2-0.00297098*x1*x4*x6+1.17382e-05*x1*x4*x5-0.0297178*x1*x3*x6+0.000117345*x1*x3*x5-4.45787e-05*x1*x2*x6,x1",0.09324758202574177,0.09324758202574177,False
62,0.7662624356709262,1,0,x1*(x1*(0.000117345*x1*x3*x5 - 0.00011526*x1*x3*x6 + 1.17382e-5*x1*x4*x5 - 1.15187e-5*x1*x4*x6 + 3.0888e-5*x1*x5**2 - 6.57442e-5*x1*x5*x6 + 3.52052e-6*x1*x5 - 8.30559e-5*x1*x6**2 - 3.45796e-6*x1*x6 + 8.8013e-6*x2**2*x5 - 8.6449e-6*x2**2*x6 + 9.57291e-6*x2*x3**2 + 2.72603e-6*x2*x3*x4 + 0.00586725*x2*x3*x5 - 0.00576299*x2*x3*x6 - 1.80376e-6*x2*x4**2 + 0.000586909*x2*x4*x5 - 0.000575937*x2*x4*x6 + 0.0015444*x2*x5**2 - 0.00328721*x2*x5*x6 + 0.000176026*x2*x5 - 0.0041528*x2*x6**2 - 0.000172898*x2*x6 - 0.000112671*x3**3 + 0.00177955*x3**2*x4 - 0.000859431*x3**2*x5 + 0.000831772*x3**2*x6 + 0.000194932*x3**2 - 0.00177992*x3*x4**2 + 9.89377e-5*x3*x4*x5 + 0.000445239*x3*x4*x6 + 5.5434e-5*x3*x4 + 9.38367*x3*x5**2 + 9.03547*x3*x5*x6 + 0.117345*x3*x5 - 0.700418*x3*x6**2 - 0.11526*x3*x6 + 5.80671e-6*x3 + 0.00050876*x4**3 - 2.63215e-5*x4**2*x5 - 2.22456e-5*x4**2*x6 - 3.70444e-5*x4**2 - 11.091*x4*x5**2 - 17.7668*x4*x5*x6 + 0.0117382*x4*x5 - 7.5947*x4*x6**2 - 0.0115187*x4*x6 + 0.000142526*x5**3 + 6.57617e-5*x5**2*x6 + 0.030888*x5**2 + 2.36796e-5*x5*x6**2 - 0.0657442*x5*x6 + 0.00352967*x5 - 0.000162298*x6**3 - 0.0830559*x6**2 - 0.00346857*x6) - x2),"mul,sub,mul,-0.00346857*x6+0.00352967*x5+5.80671e-06*x3-0.0830559*x6**2-0.0657442*x5*x6+0.030888*x5**2-0.0115187*x4*x6+0.0117382*x4*x5-3.70444e-05*x4**2-0.11526*x3*x6+0.117345*x3*x5+5.5434e-05*x3*x4+0.000194932*x3**2-0.000172898*x2*x6+0.000176026*x2*x5-3.45796e-06*x1*x6+3.52052e-06*x1*x5-0.000162298*x6**3+2.36796e-05*x5*x6**2+6.57617e-05*x5**2*x6+0.000142526*x5**3-7.5947*x4*x6**2-17.7668*x4*x5*x6-11.091*x4*x5**2-2.22456e-05*x4**2*x6-2.63215e-05*x4**2*x5+0.00050876*x4**3-0.700418*x3*x6**2+9.03547*x3*x5*x6+9.38367*x3*x5**2+0.000445239*x3*x4*x6+9.89377e-05*x3*x4*x5-0.00177992*x3*x4**2+0.000831772*x3**2*x6-0.000859431*x3**2*x5+0.00177955*x3**2*x4-0.000112671*x3**3-0.0041528*x2*x6**2-0.00328721*x2*x5*x6+0.0015444*x2*x5**2-0.000575937*x2*x4*x6+0.000586909*x2*x4*x5-1.80376e-06*x2*x4**2-0.00576299*x2*x3*x6+0.00586725*x2*x3*x5+2.72603e-06*x2*x3*x4+9.57291e-06*x2*x3**2-8.6449e-06*x2**2*x6+8.8013e-06*x2**2*x5-8.30559e-05*x1*x6**2-6.57442e-05*x1*x5*x6+3.0888e-05*x1*x5**2-1.15187e-05*x1*x4*x6+1.17382e-05*x1*x4*x5-0.00011526*x1*x3*x6+0.000117345*x1*x3*x5,x1,x2,x1",0.09304691034279015,0.09304691034279015,False
63,0.7665974279169784,2,0,x1**2*(0.000117345*x1*x3*x5 - 0.00011526*x1*x3*x6 + 1.17382e-5*x1*x4*x5 - 1.15187e-5*x1*x4*x6 + 3.0888e-5*x1*x5**2 - 6.57442e-5*x1*x5*x6 + 3.52052e-6*x1*x5 - 8.30559e-5*x1*x6**2 - 3.45796e-6*x1*x6 + 8.8013e-6*x2**2*x5 - 8.6449e-6*x2**2*x6 - 7.99288e-6*x2*x3**2 - 2.35121e-6*x2*x3*x4 + 0.00586725*x2*x3*x5 - 0.00576299*x2*x3*x6 + 1.3253e-6*x2*x4**2 + 0.000586909*x2*x4*x5 - 0.000575937*x2*x4*x6 + 0.0015444*x2*x5**2 - 0.00328721*x2*x5*x6 + 0.000176026*x2*x5 - 0.0041528*x2*x6**2 - 0.000172898*x2*x6 + 3.9376e-5*x3**3 - 0.00152591*x3**2*x4 - 0.000859431*x3**2*x5 + 0.000831772*x3**2*x6 - 0.000156384*x3**2 + 0.00152632*x3*x4**2 + 9.89377e-5*x3*x4*x5 + 0.000445239*x3*x4*x6 - 4.61111e-5*x3*x4 + 9.38367*x3*x5**2 + 9.03547*x3*x5*x6 + 0.117345*x3*x5 - 0.700418*x3*x6**2 - 0.11526*x3*x6 + 0.99999523685*x3 - 0.000436239*x4**3 - 2.63215e-5*x4**2*x5 - 2.22455e-5*x4**2*x6 + 2.5537e-5*x4**2 - 11.091*x4*x5**2 - 17.7668*x4*x5*x6 + 0.0117382*x4*x5 - 7.5947*x4*x6**2 - 0.0115187*x4*x6 - 2.73736e-6*x4 + 0.000142526*x5**3 + 6.57617e-5*x5**2*x6 + 0.030888*x5**2 + 2.36796e-5*x5*x6**2 - 0.0657442*x5*x6 + 0.00352967*x5 - 0.000162298*x6**3 - 0.0830559*x6**2 - 0.00346857*x6),"mul,add,-0.00346857*x6+0.00352967*x5-2.73736e-06*x4-4.76315e-06*x3-0.0830559*x6**2-0.0657442*x5*x6+0.030888*x5**2-0.0115187*x4*x6+0.0117382*x4*x5+2.5537e-05*x4**2-0.11526*x3*x6+0.117345*x3*x5-4.61111e-05*x3*x4-0.000156384*x3**2-0.000172898*x2*x6+0.000176026*x2*x5-3.45796e-06*x1*x6+3.52052e-06*x1*x5-0.000162298*x6**3+2.36796e-05*x5*x6**2+6.57617e-05*x5**2*x6+0.000142526*x5**3-7.5947*x4*x6**2-17.7668*x4*x5*x6-11.091*x4*x5**2-2.22455e-05*x4**2*x6-2.63215e-05*x4**2*x5-0.000436239*x4**3-0.700418*x3*x6**2+9.03547*x3*x5*x6+9.38367*x3*x5**2+0.000445239*x3*x4*x6+9.89377e-05*x3*x4*x5+0.00152632*x3*x4**2+0.000831772*x3**2*x6-0.000859431*x3**2*x5-0.00152591*x3**2*x4+3.9376e-05*x3**3-0.0041528*x2*x6**2-0.00328721*x2*x5*x6+0.0015444*x2*x5**2-0.000575937*x2*x4*x6+0.000586909*x2*x4*x5+1.3253e-06*x2*x4**2-0.00576299*x2*x3*x6+0.00586725*x2*x3*x5-2.35121e-06*x2*x3*x4-7.99288e-06*x2*x3**2-8.6449e-06*x2**2*x6+8.8013e-06*x2**2*x5-8.30559e-05*x1*x6**2-6.57442e-05*x1*x5*x6+3.0888e-05*x1*x5**2-1.15187e-05*x1*x4*x6+1.17382e-05*x1*x4*x5-0.00011526*x1*x3*x6+0.000117345*x1*x3*x5,x3,mul,x1,x1",0.09269932242166846,0.09269932242166846,False
65,0.766618332460235,1,0,x1*(-x1*(-0.000117345*x1*x3*x5 + 0.00011526*x1*x3*x6 - 1.17382e-5*x1*x4*x5 + 1.15187e-5*x1*x4*x6 - 3.0888e-5*x1*x5**2 + 6.57442e-5*x1*x5*x6 - 3.52052e-6*x1*x5 + 8.30559e-5*x1*x6**2 + 3.45796e-6*x1*x6 - 8.8013e-6*x2**2*x5 + 8.6449e-6*x2**2*x6 + 7.50975e-6*x2*x3**2 + 2.00883e-6*x2*x3*x4 - 0.00586725*x2*x3*x5 + 0.00576299*x2*x3*x6 - 1.43267e-6*x2*x4**2 - 0.000586909*x2*x4*x5 + 0.000575937*x2*x4*x6 - 0.0015444*x2*x5**2 + 0.00328721*x2*x5*x6 - 0.000176026*x2*x5 + 0.0041528*x2*x6**2 + 0.000172898*x2*x6 - 6.8574e-5*x3**3 + 0.00122892*x3**2*x4 + 0.000859431*x3**2*x5 - 0.000831772*x3**2*x6 + 0.000146721*x3**2 - 0.00162915*x3*x4**2 - 9.89377e-5*x3*x4*x5 - 0.000445239*x3*x4*x6 + 3.92632e-5*x3*x4 - 9.38367*x3*x5**2 - 9.03547*x3*x5*x6 - 0.117345*x3*x5 + 0.700418*x3*x6**2 + 0.11526*x3*x6 + 4.47914e-6*x3 + 0.00046563*x4**3 + 2.63215e-5*x4**2*x5 + 2.22456e-5*x4**2*x6 - 2.76842e-5*x4**2 + 11.091*x4*x5**2 + 17.7668*x4*x5*x6 - 0.0117382*x4*x5 + 7.5947*x4*x6**2 + 0.0115187*x4*x6 + 1.00000259134*x4 - 0.000142526*x5**3 - 6.57617e-5*x5**2*x6 - 0.030888*x5**2 - 2.36796e-5*x5*x6**2 + 0.0657442*x5*x6 - 0.00352967*x5 + 0.000162298*x6**3 + 0.0830559*x6**2 + 0.00346857*x6) + x2),"mul,x1,sub,x2,mul,sub,x4,-0.00346857*x6+0.00352967*x5-2.59134e-06*x4-4.47914e-06*x3-0.0830559*x6**2-0.0657442*x5*x6+0.030888*x5**2-0.0115187*x4*x6+0.0117382*x4*x5+2.76842e-05*x4**2-0.11526*x3*x6+0.117345*x3*x5-3.92632e-05*x3*x4-0.000146721*x3**2-0.000172898*x2*x6+0.000176026*x2*x5-3.45796e-06*x1*x6+3.52052e-06*x1*x5-0.000162298*x6**3+2.36796e-05*x5*x6**2+6.57617e-05*x5**2*x6+0.000142526*x5**3-7.5947*x4*x6**2-17.7668*x4*x5*x6-11.091*x4*x5**2-2.22456e-05*x4**2*x6-2.63215e-05*x4**2*x5-0.00046563*x4**3-0.700418*x3*x6**2+9.03547*x3*x5*x6+9.38367*x3*x5**2+0.000445239*x3*x4*x6+9.89377e-05*x3*x4*x5+0.00162915*x3*x4**2+0.000831772*x3**2*x6-0.000859431*x3**2*x5-0.00122892*x3**2*x4+6.8574e-05*x3**3-0.0041528*x2*x6**2-0.00328721*x2*x5*x6+0.0015444*x2*x5**2-0.000575937*x2*x4*x6+0.000586909*x2*x4*x5+1.43267e-06*x2*x4**2-0.00576299*x2*x3*x6+0.00586725*x2*x3*x5-2.00883e-06*x2*x3*x4-7.50975e-06*x2*x3**2-8.6449e-06*x2**2*x6+8.8013e-06*x2**2*x5-8.30559e-05*x1*x6**2-6.57442e-05*x1*x5*x6+3.0888e-05*x1*x5**2-1.15187e-05*x1*x4*x6+1.17382e-05*x1*x4*x5-0.00011526*x1*x3*x6+0.000117345*x1*x3*x5,x1",0.09267766349004775,0.09267766349004775,False
66,0.7666345553168853,1,0,x1*(x1*x2*(3.52052e-6*x1*x2*x5 - 3.45796e-6*x1*x2*x6 + 0.0023469*x1*x3*x5 - 0.00230519*x1*x3*x6 + 0.000234764*x1*x4*x5 - 0.000230375*x1*x4*x6 + 0.000617761*x1*x5**2 - 0.00131488*x1*x5*x6 + 7.04104e-5*x1*x5 - 0.00166112*x1*x6**2 - 6.91592e-5*x1*x6 + 0.000176026*x2**2*x5 - 0.000172898*x2**2*x6 - 1.32717e-6*x2*x3**2 - 1.29701e-6*x2*x3*x4 + 0.117345*x2*x3*x5 - 0.11526*x2*x3*x6 - 1.70814e-6*x2*x4**2 + 0.0117382*x2*x4*x5 - 0.0115187*x2*x4*x6 + 0.030888*x2*x5**2 - 0.0657442*x2*x5*x6 + 0.00352052*x2*x5 - 0.0830559*x2*x6**2 - 0.00345796*x2*x6 + 4.44305e-5*x3**3 - 0.000718409*x3**2*x4 - 0.0171886*x3**2*x5 + 0.0166354*x3**2*x6 + 4.29342e-5*x3**2 + 0.000719603*x3*x4**2 + 0.00197875*x3*x4*x5 + 0.00890478*x3*x4*x6 - 7.67639e-6*x3*x4 + 187.673*x3*x5**2 + 180.709*x3*x5*x6 + 2.3469*x3*x5 - 14.0084*x3*x6**2 - 2.30519*x3*x6 - 0.000205291*x4**3 - 0.000526429*x4**2*x5 - 0.000444911*x4**2*x6 - 5.35442e-5*x4**2 - 221.819*x4*x5**2 - 355.336*x4*x5*x6 + 0.234764*x4*x5 - 151.894*x4*x6**2 - 0.230375*x4*x6 - 3.3271e-5*x4 + 0.00285052*x5**3 + 0.00131523*x5**2*x6 + 0.617761*x5**2 + 0.000473592*x5*x6**2 - 1.31488*x5*x6 + 0.0705934*x5 - 0.00324596*x6**3 - 1.66112*x6**2 - 0.0693714*x6) + x1),"mul,add,x1,mul,x2,mul,x1,-0.0693714*x6+0.0705934*x5-3.3271e-05*x4-1.66112*x6**2-1.31488*x5*x6+0.617761*x5**2-0.230375*x4*x6+0.234764*x4*x5-5.35442e-05*x4**2-2.30519*x3*x6+2.3469*x3*x5-7.67639e-06*x3*x4+4.29342e-05*x3**2-0.00345796*x2*x6+0.00352052*x2*x5-6.91592e-05*x1*x6+7.04104e-05*x1*x5-0.00324596*x6**3+0.000473592*x5*x6**2+0.00131523*x5**2*x6+0.00285052*x5**3-151.894*x4*x6**2-355.336*x4*x5*x6-221.819*x4*x5**2-0.000444911*x4**2*x6-0.000526429*x4**2*x5-0.000205291*x4**3-14.0084*x3*x6**2+180.709*x3*x5*x6+187.673*x3*x5**2+0.00890478*x3*x4*x6+0.00197875*x3*x4*x5+0.000719603*x3*x4**2+0.0166354*x3**2*x6-0.0171886*x3**2*x5-0.000718409*x3**2*x4+4.44305e-05*x3**3-0.0830559*x2*x6**2-0.0657442*x2*x5*x6+0.030888*x2*x5**2-0.0115187*x2*x4*x6+0.0117382*x2*x4*x5-1.70814e-06*x2*x4**2-0.11526*x2*x3*x6+0.117345*x2*x3*x5-1.29701e-06*x2*x3*x4-1.32717e-06*x2*x3**2-0.000172898*x2**2*x6+0.000176026*x2**2*x5-0.00166112*x1*x6**2-0.00131488*x1*x5*x6+0.000617761*x1*x5**2-0.000230375*x1*x4*x6+0.000234764*x1*x4*x5-0.00230519*x1*x3*x6+0.0023469*x1*x3*x5-3.45796e-06*x1*x2*x6+3.52052e-06*x1*x2*x5,x1",0.09266085775224442,0.09266085775224442,False
69,0.7666345750462734,1,0,2*x1**2*x2**2*(3.52052e-5*x1*x2*x5 - 3.45796e-5*x1*x2*x6 + 0.023469*x1*x3*x5 - 0.0230519*x1*x3*x6 + 0.00234764*x1*x4*x5 - 0.00230375*x1*x4*x6 + 0.00617761*x1*x5**2 - 0.0131488*x1*x5*x6 + 0.000704104*x1*x5 - 0.0166112*x1*x6**2 - 0.000691592*x1*x6 + 0.00176026*x2**2*x5 - 0.00172898*x2**2*x6 + 2.45293e-5*x2*x3**2 - 2.02544e-6*x2*x3*x4 + 1.17345*x2*x3*x5 - 1.1526*x2*x3*x6 - 2.38201e-5*x2*x4**2 + 0.117382*x2*x4*x5 - 0.115187*x2*x4*x6 + 0.30888*x2*x5**2 - 0.657442*x2*x5*x6 + 0.0352052*x2*x5 - 0.830559*x2*x6**2 - 0.0345796*x2*x6 - 6.25434e-6*x3**3 - 6.46076e-5*x3**2*x4 - 0.171886*x3**2*x5 + 0.166354*x3**2*x6 + 0.00118536*x3**2 + 7.48562e-5*x3*x4**2 + 0.0197875*x3*x4*x5 + 0.0890478*x3*x4*x6 + 0.000142129*x3*x4 + 1876.73*x3*x5**2 + 1807.09*x3*x5*x6 + 23.469*x3*x5 - 140.084*x3*x6**2 - 23.0519*x3*x6 + 2.28068e-5*x3 - 1.752e-5*x4**3 - 0.00526429*x4**2*x5 - 0.00444911*x4**2*x6 - 0.000670215*x4**2 - 2218.19*x4*x5**2 - 3553.36*x4*x5*x6 + 2.34764*x4*x5 - 1518.94*x4*x6**2 - 2.30375*x4*x6 - 0.000327567*x4 + 0.0285052*x5**3 + 0.0131523*x5**2*x6 + 6.17761*x5**2 + 0.00473592*x5*x6**2 - 13.1488*x5*x6 + 0.705934*x5 - 0.0324596*x6**3 - 16.6112*x6**2 - 0.693714*x6),"mul,add,x2,x2,mul,mul,x2,x1,mul,x1,-0.693714*x6+0.705934*x5-0.000327567*x4+2.28068e-05*x3-16.6112*x6**2-13.1488*x5*x6+6.17761*x5**2-2.30375*x4*x6+2.34764*x4*x5-0.000670215*x4**2-23.0519*x3*x6+23.469*x3*x5+0.000142129*x3*x4+0.00118536*x3**2-0.0345796*x2*x6+0.0352052*x2*x5-0.000691592*x1*x6+0.000704104*x1*x5-0.0324596*x6**3+0.00473592*x5*x6**2+0.0131523*x5**2*x6+0.0285052*x5**3-1518.94*x4*x6**2-3553.36*x4*x5*x6-2218.19*x4*x5**2-0.00444911*x4**2*x6-0.00526429*x4**2*x5-1.752e-05*x4**3-140.084*x3*x6**2+1807.09*x3*x5*x6+1876.73*x3*x5**2+0.0890478*x3*x4*x6+0.0197875*x3*x4*x5+7.48562e-05*x3*x4**2+0.166354*x3**2*x6-0.171886*x3**2*x5-6.46076e-05*x3**2*x4-6.25434e-06*x3**3-0.830559*x2*x6**2-0.657442*x2*x5*x6+0.30888*x2*x5**2-0.115187*x2*x4*x6+0.117382*x2*x4*x5-2.38201e-05*x2*x4**2-1.1526*x2*x3*x6+1.17345*x2*x3*x5-2.02544e-06*x2*x3*x4+2.45293e-05*x2*x3**2-0.00172898*x2**2*x6+0.00176026*x2**2*x5-0.0166112*x1*x6**2-0.0131488*x1*x5*x6+0.00617761*x1*x5**2-0.00230375*x1*x4*x6+0.00234764*x1*x4*x5-0.0230519*x1*x3*x6+0.023469*x1*x3*x5-3.45796e-05*x1*x2*x6+3.52052e-05*x1*x2*x5",0.09266083731534756,0.09266083731534756,False
70,0.7666460630123234,1,0,x1**2*(x1*x3*(3.50989e-6*x1*x2*x5 - 3.83497e-6*x1*x2*x6 + 0.00233979*x1*x3*x5 - 0.0025565*x1*x3*x6 + 0.000233998*x1*x4*x5 - 0.000255514*x1*x4*x6 + 0.000111747*x1*x5**2 - 0.00161916*x1*x5*x6 + 7.01979e-5*x1*x5 - 0.00151526*x1*x6**2 - 7.66993e-5*x1*x6 + 0.000175495*x2**2*x5 - 0.000191748*x2**2*x6 + 3.14543e-6*x2*x3**2 + 0.116989*x2*x3*x5 - 0.127825*x2*x3*x6 - 2.18994e-6*x2*x4**2 + 0.0116999*x2*x4*x5 - 0.0127757*x2*x4*x6 + 0.00558733*x2*x5**2 - 0.0809578*x2*x5*x6 + 0.00350989*x2*x5 - 0.0757629*x2*x6**2 - 0.00383497*x2*x6 - 3.45075e-6*x3**3 + 3.34133e-5*x3**2*x4 - 0.0212218*x3**2*x5 + 0.0220643*x3**2*x6 + 9.22526e-5*x3**2 - 3.23724e-5*x3*x4**2 - 0.00114717*x3*x4*x5 + 0.00897176*x3*x4*x6 + 3.24297e-6*x3*x4 + 100.468*x3*x5**2 + 103.485*x3*x5*x6 + 2.33979*x3*x5 + 2.45936*x3*x6**2 - 2.5565*x3*x6 + 1.56426e-6*x3 + 9.56957e-6*x4**3 - 0.000174285*x4**2*x5 - 0.000369812*x4**2*x6 - 5.56598e-5*x4**2 - 164.06*x4*x5**2 - 301.59*x4*x5*x6 + 0.233998*x4*x5 - 161.17*x4*x6**2 - 0.255514*x4*x6 - 3.52596e-5*x4 + 0.00121417*x5**3 - 9.32724e-5*x5**2*x6 + 0.111747*x5**2 - 0.000495142*x5*x6**2 - 1.61916*x5*x6 + 0.070447*x5 - 0.00240552*x6**3 - 1.51526*x6**2 - 0.0768774*x6) - x2 + x5),"mul,mul,add,x5,sub,mul,mul,x3,x1,-0.0768774*x6+0.070447*x5-3.52596e-05*x4+1.56426e-06*x3-1.51526*x6**2-1.61916*x5*x6+0.111747*x5**2-0.255514*x4*x6+0.233998*x4*x5-5.56598e-05*x4**2-2.5565*x3*x6+2.33979*x3*x5+3.24297e-06*x3*x4+9.22526e-05*x3**2-0.00383497*x2*x6+0.00350989*x2*x5-7.66993e-05*x1*x6+7.01979e-05*x1*x5-0.00240552*x6**3-0.000495142*x5*x6**2-9.32724e-05*x5**2*x6+0.00121417*x5**3-161.17*x4*x6**2-301.59*x4*x5*x6-164.06*x4*x5**2-0.000369812*x4**2*x6-0.000174285*x4**2*x5+9.56957e-06*x4**3+2.45936*x3*x6**2+103.485*x3*x5*x6+100.468*x3*x5**2+0.00897176*x3*x4*x6-0.00114717*x3*x4*x5-3.23724e-05*x3*x4**2+0.0220643*x3**2*x6-0.0212218*x3**2*x5+3.34133e-05*x3**2*x4-3.45075e-06*x3**3-0.0757629*x2*x6**2-0.0809578*x2*x5*x6+0.00558733*x2*x5**2-0.0127757*x2*x4*x6+0.0116999*x2*x4*x5-2.18994e-06*x2*x4**2-0.127825*x2*x3*x6+0.116989*x2*x3*x5+3.14543e-06*x2*x3**2-0.000191748*x2**2*x6+0.000175495*x2**2*x5-0.00151526*x1*x6**2-0.00161916*x1*x5*x6+0.000111747*x1*x5**2-0.000255514*x1*x4*x6+0.000233998*x1*x4*x5-0.0025565*x1*x3*x6+0.00233979*x1*x3*x5-3.83497e-06*x1*x2*x6+3.50989e-06*x1*x2*x5,x2,x1,x1",0.0926489379446544,0.0926489379446544,False
71,0.7666558212749104,1,0,2*x1**3*x2*x3*(4.54604e-5*x1*x2*x5 - 3.83497e-5*x1*x2*x6 + 0.0303051*x1*x3*x5 - 0.025565*x1*x3*x6 + 0.00303055*x1*x4*x5 - 0.00255514*x1*x4*x6 + 0.00111768*x1*x5**2 - 0.0161915*x1*x5*x6 + 0.000909209*x1*x5 - 0.0151526*x1*x6**2 - 0.000766993*x1*x6 + 0.00227302*x2**2*x5 - 0.00191748*x2**2*x6 + 2.94307e-5*x2*x3**2 - 3.76415e-6*x2*x3*x4 + 1.51526*x2*x3*x5 - 1.27825*x2*x3*x6 - 2.15373e-5*x2*x4**2 + 0.151527*x2*x4*x5 - 0.127757*x2*x4*x6 + 0.0558842*x2*x5**2 - 0.809574*x2*x5*x6 + 0.0454604*x2*x5 - 0.757629*x2*x6**2 - 0.0383497*x2*x6 - 4.65687e-6*x3**3 - 4.72759e-5*x3**2*x4 - 0.270792*x3**2*x5 + 0.220643*x3**2*x6 + 0.000882177*x3**2 + 5.77754e-5*x3*x4**2 - 0.0253176*x3*x4*x5 + 0.0897176*x3*x4*x6 + 2.07354e-5*x3*x4 + 1004.68*x3*x5**2 + 1034.85*x3*x5*x6 + 30.3051*x3*x5 + 24.5936*x3*x6**2 - 25.565*x3*x6 + 1.44265e-5*x3 - 1.33454e-5*x4**3 - 0.00174285*x4**2*x5 - 0.00369812*x4**2*x6 - 0.000549397*x4**2 - 1640.6*x4*x5**2 - 3015.9*x4*x5*x6 + 3.03055*x4*x5 - 1611.7*x4*x6**2 - 2.55514*x4*x6 - 0.000352869*x4 + 0.0121418*x5**3 - 0.000932678*x5**2*x6 + 1.11768*x5**2 - 0.00495141*x5*x6**2 - 16.1915*x5*x6 + 0.9117*x5 - 0.0240552*x6**3 - 15.1526*x6**2 - 0.768774*x6),"mul,x1,mul,x1,mul,-0.768774*x6+0.9117*x5-0.000352869*x4+1.44265e-05*x3-15.1526*x6**2-16.1915*x5*x6+1.11768*x5**2-2.55514*x4*x6+3.03055*x4*x5-0.000549397*x4**2-25.565*x3*x6+30.3051*x3*x5+2.07354e-05*x3*x4+0.000882177*x3**2-0.0383497*x2*x6+0.0454604*x2*x5-0.000766993*x1*x6+0.000909209*x1*x5-0.0240552*x6**3-0.00495141*x5*x6**2-0.000932678*x5**2*x6+0.0121418*x5**3-1611.7*x4*x6**2-3015.9*x4*x5*x6-1640.6*x4*x5**2-0.00369812*x4**2*x6-0.00174285*x4**2*x5-1.33454e-05*x4**3+24.5936*x3*x6**2+1034.85*x3*x5*x6+1004.68*x3*x5**2+0.0897176*x3*x4*x6-0.0253176*x3*x4*x5+5.77754e-05*x3*x4**2+0.220643*x3**2*x6-0.270792*x3**2*x5-4.72759e-05*x3**2*x4-4.65687e-06*x3**3-0.757629*x2*x6**2-0.809574*x2*x5*x6+0.0558842*x2*x5**2-0.127757*x2*x4*x6+0.151527*x2*x4*x5-2.15373e-05*x2*x4**2-1.27825*x2*x3*x6+1.51526*x2*x3*x5-3.76415e-06*x2*x3*x4+2.94307e-05*x2*x3**2-0.00191748*x2**2*x6+0.00227302*x2**2*x5-0.0151526*x1*x6**2-0.0161915*x1*x5*x6+0.00111768*x1*x5**2-0.00255514*x1*x4*x6+0.00303055*x1*x4*x5-0.025565*x1*x3*x6+0.0303051*x1*x3*x5-3.83497e-05*x1*x2*x6+4.54604e-05*x1*x2*x5,mul,mul,x2,x3,add,x1,x1",0.0926388311014822,0.0926388311014822,False
72,0.766658513061901,1,0,x1*(-x1*(x1*x3 + x1 + x6)*(-4.38854e-6*x1*x2*x5 - 1.70651e-5*x1*x2*x6 - 0.00292552*x1*x3*x5 - 0.011376*x1*x3*x6 - 0.00029257*x1*x4*x5 - 0.00113748*x1*x4*x6 - 0.00016887*x1*x5**2 + 0.00194412*x1*x5*x6 - 8.77708e-5*x1*x5 + 0.00210899*x1*x6**2 - 0.000341301*x1*x6 - 0.000219427*x2**2*x5 - 0.000853253*x2**2*x6 + 3.3347e-6*x2*x3*x4 - 0.146276*x2*x3*x5 - 0.5688*x2*x3*x6 + 3.39578e-6*x2*x4**2 - 0.0146285*x2*x4*x5 - 0.0568742*x2*x4*x6 - 0.00844348*x2*x5**2 + 0.0972061*x2*x5*x6 - 0.00438854*x2*x5 + 0.105449*x2*x6**2 - 0.0170651*x2*x6 - 5.86755e-5*x3**3 + 0.000742054*x3**2*x4 + 0.0260935*x3**2*x5 + 0.106626*x3**2*x6 + 0.000150896*x3**2 - 0.000744115*x3*x4**2 + 0.00170595*x3*x4*x5 + 0.0163887*x3*x4*x6 + 9.04224e-5*x3*x4 - 96.9597*x3*x5**2 - 99.4847*x3*x5*x6 - 2.92552*x3*x5 - 1.04501*x3*x6**2 - 11.376*x3*x6 + 6.61385e-6*x3 + 0.000212523*x4**3 + 0.000362041*x4**2*x5 + 0.000457614*x4**2*x6 + 1.35924e-5*x4**2 + 156.265*x4*x5**2 + 329.143*x4*x5*x6 - 0.29257*x4*x5 + 235.49*x4*x6**2 - 1.13748*x4*x6 + 4.69623e-5*x4 - 0.00135305*x5**3 + 0.000426144*x5**2*x6 - 0.16887*x5**2 + 0.000955247*x5*x6**2 + 1.94412*x5*x6 - 0.0880751*x5 + 0.00314335*x6**3 + 2.10899*x6**2 - 0.341063*x6) + x1),"mul,x1,sub,x1,mul,mul,-0.341063*x6-0.0880751*x5+4.69623e-05*x4+6.61385e-06*x3+2.10899*x6**2+1.94412*x5*x6-0.16887*x5**2-1.13748*x4*x6-0.29257*x4*x5+1.35924e-05*x4**2-11.376*x3*x6-2.92552*x3*x5+9.04224e-05*x3*x4+0.000150896*x3**2-0.0170651*x2*x6-0.00438854*x2*x5-0.000341301*x1*x6-8.77708e-05*x1*x5+0.00314335*x6**3+0.000955247*x5*x6**2+0.000426144*x5**2*x6-0.00135305*x5**3+235.49*x4*x6**2+329.143*x4*x5*x6+156.265*x4*x5**2+0.000457614*x4**2*x6+0.000362041*x4**2*x5+0.000212523*x4**3-1.04501*x3*x6**2-99.4847*x3*x5*x6-96.9597*x3*x5**2+0.0163887*x3*x4*x6+0.00170595*x3*x4*x5-0.000744115*x3*x4**2+0.106626*x3**2*x6+0.0260935*x3**2*x5+0.000742054*x3**2*x4-5.86755e-05*x3**3+0.105449*x2*x6**2+0.0972061*x2*x5*x6-0.00844348*x2*x5**2-0.0568742*x2*x4*x6-0.0146285*x2*x4*x5+3.39578e-06*x2*x4**2-0.5688*x2*x3*x6-0.146276*x2*x3*x5+3.3347e-06*x2*x3*x4-0.000853253*x2**2*x6-0.000219427*x2**2*x5+0.00210899*x1*x6**2+0.00194412*x1*x5*x6-0.00016887*x1*x5**2-0.00113748*x1*x4*x6-0.00029257*x1*x4*x5-0.011376*x1*x3*x6-0.00292552*x1*x3*x5-1.70651e-05*x1*x2*x6-4.38854e-06*x1*x2*x5,add,add,x6,mul,x3,x1,x1,x1",0.09263604330188299,0.09263604330188299,False
75,0.7666606077910147,1,0,x1**3*x3*(x2 - x5)*(1.84802e-6*x1**2*x5 - 1.55812e-6*x1**2*x6 + 9.24012e-5*x1*x2*x5 - 7.7906e-5*x1*x2*x6 + 0.0615971*x1*x3*x5 - 0.0519343*x1*x3*x6 - 1.69303e-6*x1*x4**2 + 0.00615964*x1*x4*x5 - 0.00519045*x1*x4*x6 + 0.00702269*x1*x5**2 - 0.0380978*x1*x5*x6 + 0.00184802*x1*x5 - 0.031661*x1*x6**2 - 0.00155812*x1*x6 + 0.00462006*x2**2*x5 - 0.0038953*x2**2*x6 + 6.59631e-5*x2*x3**2 - 1.14489e-5*x2*x3*x4 + 3.07986*x2*x3*x5 - 2.59672*x2*x3*x6 + 1.7965e-6*x2*x3 - 5.02939e-5*x2*x4**2 + 0.307982*x2*x4*x5 - 0.259522*x2*x4*x6 + 0.351134*x2*x5**2 - 1.90489*x2*x5*x6 + 0.0924012*x2*x5 - 1.58305*x2*x6**2 - 0.077906*x2*x6 - 8.5618e-6*x3**3 - 8.28308e-5*x3**2*x4 - 0.552479*x3**2*x5 + 0.448255*x3**2*x6 + 0.00159254*x3**2 + 0.000107349*x3*x4**2 - 0.0588584*x3*x4*x5 + 0.194258*x3*x4*x6 - 7.73614e-5*x3*x4 + 2286.75*x3*x5**2 + 2009.64*x3*x5*x6 + 61.5971*x3*x5 + 49.2584*x3*x6**2 - 51.9343*x3*x6 + 2.0459e-5*x3 - 2.40269e-5*x4**3 - 0.00196533*x4**2*x5 - 0.00948573*x4**2*x6 - 0.00115433*x4**2 - 3046.45*x4*x5**2 - 6628.32*x4*x5*x6 + 6.15964*x4*x5 - 3300.46*x4*x6**2 - 5.19045*x4*x6 - 0.000807385*x4 + 0.0350088*x5**3 - 0.00427993*x5**2*x6 + 7.02269*x5**2 - 0.0154191*x5*x6**2 - 38.0978*x5*x6 + 1.85359*x5 - 0.0500851*x6**3 - 31.661*x6**2 - 1.56233*x6),"mul,mul,sub,x2,x5,x3,mul,mul,mul,x1,x1,-1.56233*x6+1.85359*x5-0.000807385*x4+2.0459e-05*x3-31.661*x6**2-38.0978*x5*x6+7.02269*x5**2-5.19045*x4*x6+6.15964*x4*x5-0.00115433*x4**2-51.9343*x3*x6+61.5971*x3*x5-7.73614e-05*x3*x4+0.00159254*x3**2-0.077906*x2*x6+0.0924012*x2*x5+1.7965e-06*x2*x3-0.00155812*x1*x6+0.00184802*x1*x5-0.0500851*x6**3-0.0154191*x5*x6**2-0.00427993*x5**2*x6+0.0350088*x5**3-3300.46*x4*x6**2-6628.32*x4*x5*x6-3046.45*x4*x5**2-0.00948573*x4**2*x6-0.00196533*x4**2*x5-2.40269e-05*x4**3+49.2584*x3*x6**2+2009.64*x3*x5*x6+2286.75*x3*x5**2+0.194258*x3*x4*x6-0.0588584*x3*x4*x5+0.000107349*x3*x4**2+0.448255*x3**2*x6-0.552479*x3**2*x5-8.28308e-05*x3**2*x4-8.5618e-06*x3**3-1.58305*x2*x6**2-1.90489*x2*x5*x6+0.351134*x2*x5**2-0.259522*x2*x4*x6+0.307982*x2*x4*x5-5.02939e-05*x2*x4**2-2.59672*x2*x3*x6+3.07986*x2*x3*x5-1.14489e-05*x2*x3*x4+6.59631e-05*x2*x3**2-0.0038953*x2**2*x6+0.00462006*x2**2*x5-0.031661*x1*x6**2-0.0380978*x1*x5*x6+0.00702269*x1*x5**2-0.00519045*x1*x4*x6+0.00615964*x1*x4*x5-1.69303e-06*x1*x4**2-0.0519343*x1*x3*x6+0.0615971*x1*x3*x5-7.7906e-05*x1*x2*x6+9.24012e-05*x1*x2*x5-1.55812e-06*x1**2*x6+1.84802e-06*x1**2*x5,x1",0.09263387389902118,0.09263387389902118,False
78,0.7666867549416443,1,0,x1*x2*(-4*x1 + x6)*(1.00177e-6*x1*x2*x6 - 0.00061312*x1*x3*x5 + 0.000667817*x1*x3*x6 - 6.1339e-5*x1*x4*x5 + 6.67177e-5*x1*x4*x6 - 0.00019777*x1*x5**2 - 0.000877716*x1*x5*x6 - 1.83946e-5*x1*x5 + 0.00157846*x1*x6**2 + 2.00355e-5*x1*x6 - 4.59866e-5*x2**2*x5 + 5.00887e-5*x2**2*x6 - 2.3267e-6*x2*x3**2 + 3.00442e-6*x2*x3*x4 - 0.030656*x2*x3*x5 + 0.0333909*x2*x3*x6 + 4.46865e-6*x2*x4**2 - 0.00306695*x2*x4*x5 + 0.00333589*x2*x4*x6 - 0.00988851*x2*x5**2 - 0.0438858*x2*x5*x6 - 0.000919731*x2*x5 + 0.078923*x2*x6**2 + 0.00100177*x2*x6 + 4.24483e-5*x3**3 - 0.000571621*x3**2*x4 + 0.00513425*x3**2*x5 - 0.00479175*x3**2*x6 + 0.000294177*x3**2 + 0.000170282*x3*x4**2 - 0.000834888*x3*x4*x5 - 0.00367839*x3*x4*x6 + 0.000122372*x3*x4 - 56.7626*x3*x5**2 - 180.675*x3*x5*x6 - 0.61312*x3*x5 + 59.8349*x3*x6**2 + 0.667817*x3*x6 + 1.0665e-5*x3 - 4.83404e-5*x4**3 + 0.000260298*x4**2*x5 - 5.30371e-5*x4**2*x6 - 5.48557e-5*x4**2 + 65.7316*x4*x5**2 + 92.0189*x4*x5*x6 - 0.061339*x4*x5 + 120.55*x4*x6**2 + 0.0667177*x4*x6 + 1.00000373698*x4 - 0.000645064*x5**3 - 0.00250008*x5**2*x6 - 0.19777*x5**2 - 0.00192189*x5*x6**2 - 0.877716*x5*x6 - 0.0182933*x5 + 0.0036753*x6**3 + 1.57846*x6**2 + 0.0201309*x6),"mul,mul,x2,sub,x4,-0.0201309*x6+0.0182933*x5-3.73698e-06*x4-1.0665e-05*x3-1.57846*x6**2+0.877716*x5*x6+0.19777*x5**2-0.0667177*x4*x6+0.061339*x4*x5+5.48557e-05*x4**2-0.667817*x3*x6+0.61312*x3*x5-0.000122372*x3*x4-0.000294177*x3**2-0.00100177*x2*x6+0.000919731*x2*x5-2.00355e-05*x1*x6+1.83946e-05*x1*x5-0.0036753*x6**3+0.00192189*x5*x6**2+0.00250008*x5**2*x6+0.000645064*x5**3-120.55*x4*x6**2-92.0189*x4*x5*x6-65.7316*x4*x5**2+5.30371e-05*x4**2*x6-0.000260298*x4**2*x5+4.83404e-05*x4**3-59.8349*x3*x6**2+180.675*x3*x5*x6+56.7626*x3*x5**2+0.00367839*x3*x4*x6+0.000834888*x3*x4*x5-0.000170282*x3*x4**2+0.00479175*x3**2*x6-0.00513425*x3**2*x5+0.000571621*x3**2*x4-4.24483e-05*x3**3-0.078923*x2*x6**2+0.0438858*x2*x5*x6+0.00988851*x2*x5**2-0.00333589*x2*x4*x6+0.00306695*x2*x4*x5-4.46865e-06*x2*x4**2-0.0333909*x2*x3*x6+0.030656*x2*x3*x5-3.00442e-06*x2*x3*x4+2.3267e-06*x2*x3**2-5.00887e-05*x2**2*x6+4.59866e-05*x2**2*x5-0.00157846*x1*x6**2+0.000877716*x1*x5*x6+0.00019777*x1*x5**2-6.67177e-05*x1*x4*x6+6.1339e-05*x1*x4*x5-0.000667817*x1*x3*x6+0.00061312*x1*x3*x5-1.00177e-06*x1*x2*x6,mul,sub,sub,sub,add,sub,sub,x6,x1,x1,x1,x1,x1,x1,x1",0.09260679777907614,0.09260679777907614,False
85,0.7666888135631351,1,0,x1*(2*x1**2 - x1*(-2*x1 + x6))*(-1.00177e-6*x1**2*x6 + 4.59866e-5*x1*x2*x5 - 5.00887e-5*x1*x2*x6 - 1.87851e-5*x1*x3**2 - 4.20494e-6*x1*x3*x4 + 0.030656*x1*x3*x5 - 0.0333909*x1*x3*x6 + 2.01989e-6*x1*x4**2 + 0.00306695*x1*x4*x5 - 0.00333589*x1*x4*x6 + 0.00988851*x1*x5**2 + 0.0438858*x1*x5*x6 + 0.000919732*x1*x5 - 0.078923*x1*x6**2 - 0.00100177*x1*x6 - x1 - 1.29728e-6*x2**2*x3 + 0.00229933*x2**2*x5 - 0.00250443*x2**2*x6 + 2.54413e-5*x2*x3**2 - 0.000187094*x2*x3*x4 + 1.5328*x2*x3*x5 - 1.66954*x2*x3*x6 - 7.13873e-6*x2*x3 - 0.000216788*x2*x4**2 + 0.153347*x2*x4*x5 - 0.166794*x2*x4*x6 - 2.37909e-5*x2*x4 + 0.494425*x2*x5**2 + 2.19429*x2*x5*x6 + 0.0459866*x2*x5 - 3.94615*x2*x6**2 - 0.0500887*x2*x6 + 7.93079e-5*x3**3 + 0.00101752*x3**2*x4 - 0.256712*x3**2*x5 + 0.239587*x3**2*x6 - 0.0165267*x3**2 - 0.00093841*x3*x4**2 + 0.0417444*x3*x4*x5 + 0.183919*x3*x4*x6 - 0.00685609*x3*x4 + 2838.13*x3*x5**2 + 9033.73*x3*x5*x6 + 30.656*x3*x5 - 2991.75*x3*x6**2 - 33.3909*x3*x6 - 0.000588222*x3 + 0.000251779*x4**3 - 0.0130149*x4**2*x5 + 0.00265186*x4**2*x6 + 0.00287569*x4**2 - 3286.58*x4*x5**2 - 4600.94*x4*x5*x6 + 3.06695*x4*x5 - 6027.51*x4*x6**2 - 3.33589*x4*x6 - 0.000203459*x4 + 0.0322532*x5**3 + 0.125004*x5**2*x6 + 9.88851*x5**2 + 0.0960945*x5*x6**2 + 43.8858*x5*x6 + 0.914665*x5 - 0.183765*x6**3 - 78.923*x6**2 - 1.00654*x6 - 6.34328e-6),"mul,mul,sub,-6.34328e-06-1.00654*x6+0.914665*x5-0.000203459*x4-0.000588222*x3-78.923*x6**2+43.8858*x5*x6+9.88851*x5**2-3.33589*x4*x6+3.06695*x4*x5+0.00287569*x4**2-33.3909*x3*x6+30.656*x3*x5-0.00685609*x3*x4-0.0165267*x3**2-0.0500887*x2*x6+0.0459866*x2*x5-2.37909e-05*x2*x4-7.13873e-06*x2*x3-0.00100177*x1*x6+0.000919732*x1*x5-0.183765*x6**3+0.0960945*x5*x6**2+0.125004*x5**2*x6+0.0322532*x5**3-6027.51*x4*x6**2-4600.94*x4*x5*x6-3286.58*x4*x5**2+0.00265186*x4**2*x6-0.0130149*x4**2*x5+0.000251779*x4**3-2991.75*x3*x6**2+9033.73*x3*x5*x6+2838.13*x3*x5**2+0.183919*x3*x4*x6+0.0417444*x3*x4*x5-0.00093841*x3*x4**2+0.239587*x3**2*x6-0.256712*x3**2*x5+0.00101752*x3**2*x4+7.93079e-05*x3**3-3.94615*x2*x6**2+2.19429*x2*x5*x6+0.494425*x2*x5**2-0.166794*x2*x4*x6+0.153347*x2*x4*x5-0.000216788*x2*x4**2-1.66954*x2*x3*x6+1.5328*x2*x3*x5-0.000187094*x2*x3*x4+2.54413e-05*x2*x3**2-0.00250443*x2**2*x6+0.00229933*x2**2*x5-1.29728e-06*x2**2*x3-0.078923*x1*x6**2+0.0438858*x1*x5*x6+0.00988851*x1*x5**2-0.00333589*x1*x4*x6+0.00306695*x1*x4*x5+2.01989e-06*x1*x4**2-0.0333909*x1*x3*x6+0.030656*x1*x3*x5-4.20494e-06*x1*x3*x4-1.87851e-05*x1*x3**2-5.00887e-05*x1*x2*x6+4.59866e-05*x1*x2*x5-1.00177e-06*x1**2*x6,x1,sub,mul,x1,add,x1,x1,mul,sub,sub,x6,x1,x1,x1,x1",0.09260466626431214,0.09260466626431214,False
102,0.7666888135638653,1,0,2*x1**4*(4*x1 - x6)*(-5.73506e-6*x1**2*x3 - 2.73609e-5*x1**2*x4 + 0.459866*x1**2*x5 - 0.500887*x1**2*x6 - 4.12034e-6*x1**2 - 1.03148e-5*x1*x2**2 - 0.0111668*x1*x2*x3 - 0.00320994*x1*x2*x4 + 22.9933*x1*x2*x5 - 25.0443*x1*x2*x6 - 6.23895e-5*x1*x2 - 9.39255*x1*x3**2 - 2.10247*x1*x3*x4 + 15328.0*x1*x3*x5 - 16695.4*x1*x3*x6 - 0.147011*x1*x3 + 1.00995*x1*x4**2 + 1533.47*x1*x4*x5 - 1667.94*x1*x4*x6 - 0.107427*x1*x4 + 4944.25*x1*x5**2 + 21942.9*x1*x5*x6 + 459.866*x1*x5 - 39461.5*x1*x6**2 - 500.887*x1*x6 - 0.0311563*x1 - 0.000427345*x2**3 - 0.648639*x2**2*x3 - 0.184402*x2**2*x4 + 1149.66*x2**2*x5 - 1252.22*x2**2*x6 - 0.00654222*x2**2 + 12.7205*x2*x3**2 - 93.5471*x2*x3*x4 + 766400.0*x2*x3*x5 - 834771.0*x2*x3*x6 - 3.56937*x2*x3 - 108.394*x2*x4**2 + 76673.7*x2*x4*x5 - 83397.2*x2*x4*x6 - 11.8955*x2*x4 + 247213.0*x2*x5**2 + 1097150.0*x2*x5*x6 + 22993.3*x2*x5 - 1973080.0*x2*x6**2 - 25044.3*x2*x6 - 0.172298*x2 + 39.6551*x3**3 + 508.742*x3**2*x4 - 128356.0*x3**2*x5 + 119794.0*x3**2*x6 - 8263.37*x3**2 - 469.187*x3*x4**2 + 20872.2*x3*x4*x5 + 91959.7*x3*x4*x6 - 3428.05*x3*x4 + 1419070000.0*x3*x5**2 + 4516860000.0*x3*x5*x6 + 15328000.0*x3*x5 - 1495870000.0*x3*x6**2 - 16695400.0*x3*x6 - 294.111*x3 + 125.884*x4**3 - 6507.46*x4**2*x5 + 1325.93*x4**2*x6 + 1437.84*x4**2 - 1643290000.0*x4*x5**2 - 2300470000.0*x4*x5*x6 + 1533470.0*x4*x5 - 3013760000.0*x4*x6**2 - 1667940.0*x4*x6 - 101.73*x4 + 16126.6*x5**3 + 62502.0*x5**2*x6 + 4944250.0*x5**2 + 48047.2*x5*x6**2 + 21942900.0*x5*x6 + 457333.0*x5 - 91882.5*x6**3 - 39461500.0*x6**2 - 503271.0*x6 - 3.17164),"mul,mul,mul,mul,-3.17164-5.03271e+05*x6+4.57333e+05*x5-101.73*x4-294.111*x3-0.172298*x2-0.0311563*x1-3.94615e+07*x6**2+2.19429e+07*x5*x6+4.94425e+06*x5**2-1.66794e+06*x4*x6+1.53347e+06*x4*x5+1437.84*x4**2-1.66954e+07*x3*x6+1.5328e+07*x3*x5-3428.05*x3*x4-8263.37*x3**2-25044.3*x2*x6+22993.3*x2*x5-11.8955*x2*x4-3.56937*x2*x3-0.00654222*x2**2-500.887*x1*x6+459.866*x1*x5-0.107427*x1*x4-0.147011*x1*x3-6.23895e-05*x1*x2-4.12034e-06*x1**2-91882.5*x6**3+48047.2*x5*x6**2+62502.0*x5**2*x6+16126.6*x5**3-3.01376e+09*x4*x6**2-2.30047e+09*x4*x5*x6-1.64329e+09*x4*x5**2+1325.93*x4**2*x6-6507.46*x4**2*x5+125.884*x4**3-1.49587e+09*x3*x6**2+4.51686e+09*x3*x5*x6+1.41907e+09*x3*x5**2+91959.7*x3*x4*x6+20872.2*x3*x4*x5-469.187*x3*x4**2+1.19794e+05*x3**2*x6-1.28356e+05*x3**2*x5+508.742*x3**2*x4+39.6551*x3**3-1.97308e+06*x2*x6**2+1.09715e+06*x2*x5*x6+2.47213e+05*x2*x5**2-83397.2*x2*x4*x6+76673.7*x2*x4*x5-108.394*x2*x4**2-8.34771e+05*x2*x3*x6+7.664e+05*x2*x3*x5-93.5471*x2*x3*x4+12.7205*x2*x3**2-1252.22*x2**2*x6+1149.66*x2**2*x5-0.184402*x2**2*x4-0.648639*x2**2*x3-0.000427345*x2**3-39461.5*x1*x6**2+21942.9*x1*x5*x6+4944.25*x1*x5**2-1667.94*x1*x4*x6+1533.47*x1*x4*x5+1.00995*x1*x4**2-16695.4*x1*x3*x6+15328.0*x1*x3*x5-2.10247*x1*x3*x4-9.39255*x1*x3**2-25.0443*x1*x2*x6+22.9933*x1*x2*x5-0.00320994*x1*x2*x4-0.0111668*x1*x2*x3-1.03148e-05*x1*x2**2-0.500887*x1**2*x6+0.459866*x1**2*x5-2.73609e-05*x1**2*x4-5.73506e-06*x1**2*x3,x1,mul,sub,x1,sub,sub,x6,add,x1,x1,x1,add,x1,x1,x1,x1",0.09260466626355594,0.09260466626355594,False
